id,filename,participant_id,room_id,device_placement_id,session_id,polar_position_id,distance,polar_angle,utterance_id,dov_angle,mic_channel,low_power,high_power,hlbr,coe1[0],coe1[1],coe3[0],coe3[1],coe3[2],coe3[3],ratio_max_to_10ms_ave_peaks,ratio_max_to_9th_ave_peaks,ac_std,ac_auc,diff_std,diff_auc,srmr,gp_max_val_std,gp_max_val_range,gp_max_val_min,gp_max_val_max,gp_max_val_mean,gp_max_ix_std,gp_max_ix_range,gp_max_ix_min,gp_max_ix_max,gp_max_ix_mean,gp_auc_std,gp_auc_range,gp_auc_min,gp_auc_max,gp_auc_mean,tdoa_std,tdoa_range,tdoa_min,tdoa_max,tdoa_mean
11209,recording1_45_0.wav,s10,downstairs,wall,trial2,C1,5,45,recording1,45,0,0.005123622760101725,1.5478044760054803e-06,0.00030209181051704713,-6.517866367174263e-07,0.010783299048258933,-1.8611856663811744e-14,7.91025824727452e-10,-9.934449070776326e-06,0.034451886201517595,nan,0.70900804,25.038649,4815820.669645436,0.0008011532784857073,120.5823974609375,2.341624701990029,0.013067092276569959,0.0367414181821633,0.018130612456218782,0.054872030638382085,0.033575296140450205,265.2720301878809,733.0,1.0,734.0,243.5,0.26336562922309814,0.8394534266920366,3.943567426830621,4.7830208535226575,4.3264213173574975,0.0001514190985881417,0.00041015625,-2.6041666666666666e-06,0.00040755208333333333,6.901041666666667e-05
